time,host,type,status,vmid
2026-06-27 01:23:51,pve1,aptupdate,OK,
2026-06-27 13:00:07,pve1,vzdump,OK,100
2026-06-28 00:00:00,pve1,vzdump,OK,100
2026-06-28 00:56:53,pve1,aptupdate,OK,
2026-06-28 13:00:07,pve1,vzdump,OK,100
2026-06-29 00:00:04,pve1,vzdump,OK,100
2026-06-29 02:05:52,pve1,aptupdate,OK,
2026-06-29 13:00:03,pve1,vzdump,OK,100
2026-06-30 00:00:08,pve1,vzdump,OK,100
2026-06-30 01:48:28,pve1,aptupdate,OK,
2026-06-30 13:00:12,pve1,vzdump,OK,100
2026-07-01 00:00:07,pve1,vzdump,OK,100
2026-07-01 00:49:07,pve1,aptupdate,OK,
2026-07-01 07:08:39,pve1,qmshutdown,OK,100
2026-07-01 07:12:00,pve1,stopall,OK,
2026-07-01 09:57:40,pve1,qmstart,OK,100
2026-07-01 09:57:40,pve1,startall,OK,
2026-07-01 11:32:09,pve1,qmshutdown,OK,100
2026-07-01 11:34:05,pve1,stopall,OK,
2026-07-01 11:41:16,pve1,qmstart,OK,100
2026-07-01 11:41:16,pve1,startall,OK,
2026-07-01 13:00:01,pve1,vzdump,OK,100
2026-07-01 22:20:17,pve1,qmshutdown,OK,100
2026-07-01 22:22:06,pve1,stopall,OK,
2026-07-02 11:06:03,pve1,qmstart,OK,100
2026-07-02 11:06:03,pve1,startall,OK,
2026-07-02 11:43:58,pve1,aptupdate,OK,
2026-07-02 13:00:01,pve1,vzdump,OK,100
2026-07-02 17:56:20,pve1,qmshutdown,OK,100
2026-07-02 17:59:31,pve1,stopall,OK,
2026-07-02 18:39:55,pve1,qmstart,OK,100
2026-07-02 18:39:55,pve1,startall,OK,
2026-07-03 00:00:06,pve1,vzdump,OK,100
2026-07-03 02:23:42,pve1,aptupdate,OK,
2026-07-03 23:33:58,pve1,aptupdate,OK,
2026-07-04 13:00:06,pve1,vzdump,OK,100
2026-07-05 01:19:40,pve1,aptupdate,OK,
2026-07-05 13:00:09,pve1,vzdump,OK,100
2026-07-06 01:38:25,pve1,aptupdate,OK,
2026-07-06 13:00:07,pve1,vzdump,OK,100
2026-07-07 00:54:27,pve1,aptupdate,OK,
2026-07-07 06:52:59,pve1,qmshutdown,OK,100
2026-07-07 06:55:10,pve1,stopall,OK,
2026-07-07 11:42:12,pve1,qmstart,OK,100
2026-07-07 11:42:12,pve1,startall,OK,
2026-07-07 13:00:00,pve1,vzdump,OK,100
2026-07-08 00:52:28,pve1,aptupdate,OK,
2026-07-08 13:00:08,pve1,vzdump,OK,100
2026-07-08 23:21:02,pve1,aptupdate,OK,
2026-07-09 13:00:15,pve1,vzdump,OK,100
2026-07-10 03:18:01,pve1,aptupdate,OK,
2026-07-10 13:00:05,pve1,vzdump,OK,100
2026-07-11 01:12:28,pve1,aptupdate,OK,
2026-07-11 13:00:09,pve1,vzdump,OK,100
2026-07-11 23:06:01,pve1,aptupdate,OK,
2026-07-12 13:00:03,pve1,vzdump,OK,100
2026-07-13 03:58:01,pve1,aptupdate,OK,
2026-07-13 13:00:10,pve1,vzdump,OK,100
2026-07-13 23:02:02,pve1,aptupdate,OK,
2026-07-14 13:00:03,pve1,vzdump,OK,100
2026-07-15 01:36:01,pve1,aptupdate,OK,
2026-07-15 13:00:06,pve1,vzdump,OK,100
2026-07-16 00:02:28,pve1,aptupdate,OK,
2026-07-16 13:00:02,pve1,vzdump,OK,100
2026-07-17 01:16:28,pve1,aptupdate,OK,
2026-07-17 13:00:07,pve1,vzdump,OK,100
